#,Name,Type 1,Type 2,Single Stage,Middle Evolution,Final Evolution,Total,HP,Attack,Defense,Sp. Atk,Sp. Def,Speed
1,Bulbasaur,Grass,Poison,FALSE,FALSE,FALSE,318,45,49,49,65,65,45
2,Ivysaur,Grass,Poison,FALSE,TRUE,FALSE,405,60,62,63,80,80,60
3,Venusaur,Grass,Poison,FALSE,FALSE,TRUE,525,80,82,83,100,100,80
4,Charmander,Fire,,FALSE,FALSE,FALSE,309,39,52,43,60,50,65
5,Charmeleon,Fire,,FALSE,TRUE,FALSE,405,58,64,58,80,65,80
6,Charizard,Fire,Flying,FALSE,FALSE,TRUE,534,78,84,78,109,85,100
7,Squirtle,Water,,FALSE,FALSE,FALSE,314,44,48,65,50,64,43
8,Wartortle,Water,,FALSE,TRUE,FALSE,405,59,63,80,65,80,58
9,Blastoise,Water,,FALSE,FALSE,TRUE,530,79,83,100,85,105,78
10,Caterpie,Bug,,FALSE,FALSE,FALSE,195,45,30,35,20,20,45
11,Metapod,Bug,,FALSE,TRUE,FALSE,205,50,20,55,25,25,30
12,Butterfree,Bug,Flying,FALSE,FALSE,TRUE,395,60,45,50,90,80,70
13,Weedle,Bug,Poison,FALSE,FALSE,FALSE,195,40,35,30,20,20,50
14,Kakuna,Bug,Poison,FALSE,TRUE,FALSE,205,45,25,50,25,25,35
15,Beedrill,Bug,Poison,FALSE,FALSE,TRUE,395,65,90,40,45,80,75
16,Pidgey,Normal,Flying,FALSE,FALSE,FALSE,251,40,45,40,35,35,56
17,Pidgeotto,Normal,Flying,FALSE,TRUE,FALSE,349,63,60,55,50,50,71
18,Pidgeot,Normal,Flying,FALSE,FALSE,TRUE,479,83,80,75,70,70,101
19,Rattata,Normal,,FALSE,FALSE,FALSE,253,30,56,35,25,35,72
20,Raticate,Normal,,FALSE,FALSE,TRUE,413,55,81,60,50,70,97
21,Spearow,Normal,Flying,FALSE,FALSE,FALSE,262,40,60,30,31,31,70
22,Fearow,Normal,Flying,FALSE,FALSE,TRUE,442,65,90,65,61,61,100
23,Ekans,Poison,,FALSE,FALSE,FALSE,288,35,60,44,40,54,55
24,Arbok,Poison,,FALSE,FALSE,TRUE,438,60,85,69,65,79,80
25,Pikachu,Electric,,FALSE,FALSE,FALSE,320,35,55,40,50,50,90
26,Raichu,Electric,,FALSE,FALSE,TRUE,485,60,90,55,90,80,110
27,Sandshrew,Ground,,FALSE,FALSE,FALSE,300,50,75,85,20,30,40
28,Sandslash,Ground,,FALSE,FALSE,TRUE,450,75,100,110,45,55,65
29,NidoranF,Poison,,FALSE,FALSE,FALSE,275,55,47,52,40,40,41
30,Nidorina,Poison,,FALSE,TRUE,FALSE,365,70,62,67,55,55,56
31,Nidoqueen,Poison,Ground,FALSE,FALSE,TRUE,505,90,92,87,75,85,76
32,NidoranM,Poison,,FALSE,FALSE,FALSE,273,46,57,40,40,40,50
33,Nidorino,Poison,,FALSE,TRUE,FALSE,365,61,72,57,55,55,65
34,Nidoking,Poison,Ground,FALSE,FALSE,TRUE,505,81,102,77,85,75,85
35,Clefairy,Fairy,,FALSE,FALSE,FALSE,323,70,45,48,60,65,35
36,Clefable,Fairy,,FALSE,FALSE,TRUE,483,95,70,73,95,90,60
37,Vulpix,Fire,,FALSE,FALSE,FALSE,299,38,41,40,50,65,65
38,Ninetales,Fire,,FALSE,FALSE,TRUE,505,73,76,75,81,100,100
39,Jigglypuff,Normal,Fairy,FALSE,TRUE,FALSE,270,115,45,20,45,25,20
40,Wigglytuff,Normal,Fairy,FALSE,FALSE,TRUE,435,140,70,45,85,50,45
41,Zubat,Poison,Flying,FALSE,FALSE,FALSE,245,40,45,35,30,40,55
42,Golbat,Poison,Flying,FALSE,TRUE,FALSE,455,75,80,70,65,75,90
43,Oddish,Grass,Poison,FALSE,FALSE,FALSE,320,45,50,55,75,65,30
44,Gloom,Grass,Poison,FALSE,TRUE,FALSE,395,60,65,70,85,75,40
45,Vileplume,Grass,Poison,FALSE,FALSE,TRUE,490,75,80,85,110,90,50
46,Paras,Bug,Grass,FALSE,FALSE,FALSE,285,35,70,55,45,55,25
47,Parasect,Bug,Grass,FALSE,FALSE,TRUE,405,60,95,80,60,80,30
48,Venonat,Bug,Poison,FALSE,FALSE,FALSE,305,60,55,50,40,55,45
49,Venomoth,Bug,Poison,FALSE,FALSE,TRUE,450,70,65,60,90,75,90
50,Diglett,Ground,,FALSE,FALSE,FALSE,265,10,55,25,35,45,95
51,Dugtrio,Ground,,FALSE,FALSE,TRUE,405,35,80,50,50,70,120
52,Meowth,Normal,,FALSE,FALSE,FALSE,290,40,45,35,40,40,90
53,Persian,Normal,,FALSE,FALSE,TRUE,440,65,70,60,65,65,115
54,Psyduck,Water,,FALSE,FALSE,FALSE,320,50,52,48,65,50,55
55,Golduck,Water,,FALSE,FALSE,TRUE,500,80,82,78,95,80,85
56,Mankey,Fighting,,FALSE,FALSE,FALSE,305,40,80,35,35,45,70
57,Primeape,Fighting,,FALSE,FALSE,TRUE,455,65,105,60,60,70,95
58,Growlithe,Fire,,FALSE,FALSE,FALSE,350,55,70,45,70,50,60
59,Arcanine,Fire,,FALSE,FALSE,TRUE,555,90,110,80,100,80,95
60,Poliwag,Water,,FALSE,FALSE,FALSE,300,40,50,40,40,40,90
61,Poliwhirl,Water,,FALSE,TRUE,FALSE,385,65,65,65,50,50,90
62,Poliwrath,Water,Fighting,FALSE,FALSE,TRUE,510,90,95,95,70,90,70
63,Abra,Psychic,,FALSE,FALSE,FALSE,310,25,20,15,105,55,90
64,Kadabra,Psychic,,FALSE,TRUE,FALSE,400,40,35,30,120,70,105
65,Alakazam,Psychic,,FALSE,FALSE,TRUE,500,55,50,45,135,95,120
66,Machop,Fighting,,FALSE,FALSE,FALSE,305,70,80,50,35,35,35
67,Machoke,Fighting,,FALSE,TRUE,FALSE,405,80,100,70,50,60,45
68,Machamp,Fighting,,FALSE,FALSE,TRUE,505,90,130,80,65,85,55
69,Bellsprout,Grass,Poison,FALSE,FALSE,FALSE,300,50,75,35,70,30,40
70,Weepinbell,Grass,Poison,FALSE,TRUE,FALSE,390,65,90,50,85,45,55
71,Victreebel,Grass,Poison,FALSE,FALSE,TRUE,490,80,105,65,100,70,70
72,Tentacool,Water,Poison,FALSE,FALSE,FALSE,335,40,40,35,50,100,70
73,Tentacruel,Water,Poison,FALSE,FALSE,TRUE,515,80,70,65,80,120,100
74,Geodude,Rock,Ground,FALSE,FALSE,FALSE,300,40,80,100,30,30,20
75,Graveler,Rock,Ground,FALSE,TRUE,FALSE,390,55,95,115,45,45,35
76,Golem,Rock,Ground,FALSE,FALSE,TRUE,495,80,120,130,55,65,45
77,Ponyta,Fire,,FALSE,FALSE,FALSE,410,50,85,55,65,65,90
78,Rapidash,Fire,,FALSE,FALSE,TRUE,500,65,100,70,80,80,105
79,Slowpoke,Water,Psychic,FALSE,FALSE,FALSE,315,90,65,65,40,40,15
80,Slowbro,Water,Psychic,FALSE,FALSE,TRUE,490,95,75,110,100,80,30
81,Magnemite,Electric,Steel,FALSE,FALSE,FALSE,325,25,35,70,95,55,45
82,Magneton,Electric,Steel,FALSE,TRUE,FALSE,465,50,60,95,120,70,70
83,Farfetch'd,Normal,Flying,TRUE,FALSE,FALSE,352,52,65,55,58,62,60
84,Doduo,Normal,Flying,FALSE,FALSE,FALSE,310,35,85,45,35,35,75
85,Dodrio,Normal,Flying,FALSE,FALSE,TRUE,460,60,110,70,60,60,100
86,Seel,Water,,FALSE,FALSE,FALSE,325,65,45,55,45,70,45
87,Dewgong,Water,Ice,FALSE,FALSE,TRUE,475,90,70,80,70,95,70
88,Grimer,Poison,,FALSE,FALSE,FALSE,325,80,80,50,40,50,25
89,Muk,Poison,,FALSE,FALSE,TRUE,500,105,105,75,65,100,50
90,Shellder,Water,,FALSE,FALSE,FALSE,305,30,65,100,45,25,40
91,Cloyster,Water,Ice,FALSE,FALSE,TRUE,525,50,95,180,85,45,70
92,Gastly,Ghost,Poison,FALSE,FALSE,FALSE,310,30,35,30,100,35,80
93,Haunter,Ghost,Poison,FALSE,TRUE,FALSE,405,45,50,45,115,55,95
94,Gengar,Ghost,Poison,FALSE,FALSE,TRUE,500,60,65,60,130,75,110
95,Onix,Rock,Ground,FALSE,FALSE,FALSE,385,35,45,160,30,45,70
96,Drowzee,Psychic,,FALSE,FALSE,FALSE,328,60,48,45,43,90,42
97,Hypno,Psychic,,FALSE,FALSE,TRUE,483,85,73,70,73,115,67
98,Krabby,Water,,FALSE,FALSE,FALSE,325,30,105,90,25,25,50
99,Kingler,Water,,FALSE,FALSE,TRUE,475,55,130,115,50,50,75
100,Voltorb,Electric,,FALSE,FALSE,FALSE,330,40,30,50,55,55,100
101,Electrode,Electric,,FALSE,FALSE,TRUE,480,60,50,70,80,80,140
102,Exeggcute,Grass,Psychic,FALSE,FALSE,FALSE,325,60,40,80,60,45,40
103,Exeggutor,Grass,Psychic,FALSE,FALSE,TRUE,520,95,95,85,125,65,55
104,Cubone,Ground,,FALSE,FALSE,FALSE,320,50,50,95,40,50,35
105,Marowak,Ground,,FALSE,FALSE,TRUE,425,60,80,110,50,80,45
106,Hitmonlee,Fighting,,FALSE,FALSE,TRUE,455,50,120,53,35,110,87
107,Hitmonchan,Fighting,,FALSE,FALSE,TRUE,455,50,105,79,35,110,76
108,Lickitung,Normal,,FALSE,FALSE,FALSE,385,90,55,75,60,75,30
109,Koffing,Poison,,FALSE,FALSE,FALSE,340,40,65,95,60,45,35
110,Weezing,Poison,,FALSE,FALSE,TRUE,490,65,90,120,85,70,60
111,Rhyhorn,Ground,Rock,FALSE,FALSE,FALSE,345,80,85,95,30,30,25
112,Rhydon,Ground,Rock,FALSE,TRUE,FALSE,485,105,130,120,45,45,40
113,Chansey,Normal,,FALSE,TRUE,FALSE,450,250,5,5,35,105,50
114,Tangela,Grass,,FALSE,FALSE,FALSE,435,65,55,115,100,40,60
115,Kangaskhan,Normal,,TRUE,FALSE,FALSE,490,105,95,80,40,80,90
116,Horsea,Water,,FALSE,FALSE,FALSE,295,30,40,70,70,25,60
117,Seadra,Water,,FALSE,TRUE,FALSE,440,55,65,95,95,45,85
118,Goldeen,Water,,FALSE,FALSE,FALSE,320,45,67,60,35,50,63
119,Seaking,Water,,FALSE,FALSE,TRUE,450,80,92,65,65,80,68
120,Staryu,Water,,FALSE,FALSE,FALSE,340,30,45,55,70,55,85
121,Starmie,Water,Psychic,FALSE,FALSE,TRUE,520,60,75,85,100,85,115
122,Mr. Mime,Psychic,Fairy,TRUE,FALSE,FALSE,460,40,45,65,100,120,90
123,Scyther,Bug,Flying,FALSE,FALSE,FALSE,500,70,110,80,55,80,105
124,Jynx,Ice,Psychic,FALSE,FALSE,TRUE,455,65,50,35,115,95,95
125,Electabuzz,Electric,,FALSE,TRUE,FALSE,490,65,83,57,95,85,105
126,Magmar,Fire,,FALSE,TRUE,FALSE,495,65,95,57,100,85,93
127,Pinsir,Bug,,TRUE,FALSE,FALSE,500,65,125,100,55,70,85
128,Tauros,Normal,,TRUE,FALSE,FALSE,490,75,100,95,40,70,110
129,Magikarp,Water,,FALSE,FALSE,FALSE,200,20,10,55,15,20,80
130,Gyarados,Water,Flying,FALSE,FALSE,TRUE,540,95,125,79,60,100,81
131,Lapras,Water,Ice,TRUE,FALSE,FALSE,535,130,85,80,85,95,60
133,Eevee,Normal,,FALSE,FALSE,FALSE,325,55,55,50,45,65,55
134,Vaporeon,Water,,FALSE,FALSE,TRUE,525,130,65,60,110,95,65
135,Jolteon,Electric,,FALSE,FALSE,TRUE,525,65,65,60,110,95,130
136,Flareon,Fire,,FALSE,FALSE,TRUE,525,65,130,60,95,110,65
137,Porygon,Normal,,FALSE,FALSE,FALSE,395,65,60,70,85,75,40
138,Omanyte,Rock,Water,FALSE,FALSE,FALSE,355,35,40,100,90,55,35
139,Omastar,Rock,Water,FALSE,FALSE,TRUE,495,70,60,125,115,70,55
140,Kabuto,Rock,Water,FALSE,FALSE,FALSE,355,30,80,90,55,45,55
141,Kabutops,Rock,Water,FALSE,FALSE,TRUE,495,60,115,105,65,70,80
142,Aerodactyl,Rock,Flying,TRUE,FALSE,FALSE,515,80,105,65,60,75,130
143,Snorlax,Normal,,FALSE,FALSE,TRUE,540,160,110,65,65,110,30
144,Articuno,Ice,Flying,TRUE,FALSE,FALSE,580,90,85,100,95,125,85
145,Zapdos,Electric,Flying,TRUE,FALSE,FALSE,580,90,90,85,125,90,100
146,Moltres,Fire,Flying,TRUE,FALSE,FALSE,580,90,100,90,125,85,90
147,Dratini,Dragon,,FALSE,FALSE,FALSE,300,41,64,45,50,50,50
148,Dragonair,Dragon,,FALSE,TRUE,FALSE,420,61,84,65,70,70,70
149,Dragonite,Dragon,Flying,FALSE,FALSE,TRUE,600,91,134,95,100,100,80
150,Mewtwo,Psychic,,TRUE,FALSE,FALSE,680,106,110,90,154,90,130
151,Mew,Psychic,,TRUE,FALSE,FALSE,600,100,100,100,100,100,100
152,Chikorita,Grass,,FALSE,FALSE,FALSE,318,45,49,65,49,65,45
153,Bayleef,Grass,,FALSE,TRUE,FALSE,405,60,62,80,63,80,60
154,Meganium,Grass,,FALSE,FALSE,TRUE,525,80,82,100,83,100,80
155,Cyndaquil,Fire,,FALSE,FALSE,FALSE,309,39,52,43,60,50,65
156,Quilava,Fire,,FALSE,TRUE,FALSE,405,58,64,58,80,65,80
157,Typhlosion,Fire,,FALSE,FALSE,TRUE,534,78,84,78,109,85,100
158,Totodile,Water,,FALSE,FALSE,FALSE,314,50,65,64,44,48,43
159,Croconaw,Water,,FALSE,TRUE,FALSE,405,65,80,80,59,63,58
160,Feraligatr,Water,,FALSE,FALSE,TRUE,530,85,105,100,79,83,78
161,Sentret,Normal,,FALSE,FALSE,FALSE,215,35,46,34,35,45,20
162,Furret,Normal,,FALSE,FALSE,TRUE,415,85,76,64,45,55,90
163,Hoothoot,Normal,Flying,FALSE,FALSE,FALSE,262,60,30,30,36,56,50
164,Noctowl,Normal,Flying,FALSE,FALSE,TRUE,442,100,50,50,76,96,70
165,Ledyba,Bug,Flying,FALSE,FALSE,FALSE,265,40,20,30,40,80,55
166,Ledian,Bug,Flying,FALSE,FALSE,TRUE,390,55,35,50,55,110,85
167,Spinarak,Bug,Poison,FALSE,FALSE,FALSE,250,40,60,40,40,40,30
168,Ariados,Bug,Poison,FALSE,FALSE,TRUE,390,70,90,70,60,60,40
169,Crobat,Poison,Flying,FALSE,FALSE,TRUE,535,85,90,80,70,80,130
170,Chinchou,Water,Electric,FALSE,FALSE,FALSE,330,75,38,38,56,56,67
171,Lanturn,Water,Electric,FALSE,FALSE,TRUE,460,125,58,58,76,76,67
172,Pichu,Electric,,FALSE,FALSE,FALSE,205,20,40,15,35,35,60
173,Cleffa,Fairy,,FALSE,FALSE,FALSE,218,50,25,28,45,55,15
174,Igglybuff,Normal,Fairy,FALSE,FALSE,FALSE,210,90,30,15,40,20,15
175,Togepi,Fairy,,FALSE,FALSE,FALSE,245,35,20,65,40,65,20
176,Togetic,Fairy,Flying,FALSE,TRUE,FALSE,405,55,40,85,80,105,40
177,Natu,Psychic,Flying,FALSE,FALSE,FALSE,320,40,50,45,70,45,70
178,Xatu,Psychic,Flying,FALSE,FALSE,TRUE,470,65,75,70,95,70,95
179,Mareep,Electric,,FALSE,FALSE,FALSE,280,55,40,40,65,45,35
180,Flaaffy,Electric,,FALSE,TRUE,FALSE,365,70,55,55,80,60,45
181,Ampharos,Electric,,FALSE,FALSE,TRUE,510,90,75,85,115,90,55
182,Bellossom,Grass,,FALSE,FALSE,TRUE,490,75,80,95,90,100,50
183,Marill,Water,Fairy,FALSE,TRUE,FALSE,250,70,20,50,20,50,40
184,Azumarill,Water,Fairy,FALSE,FALSE,TRUE,420,100,50,80,60,80,50
185,Sudowoodo,Rock,,FALSE,FALSE,TRUE,410,70,100,115,30,65,30
186,Politoed,Water,,FALSE,FALSE,TRUE,500,90,75,75,90,100,70
187,Hoppip,Grass,Flying,FALSE,FALSE,FALSE,250,35,35,40,35,55,50
188,Skiploom,Grass,Flying,FALSE,TRUE,FALSE,340,55,45,50,45,65,80
189,Jumpluff,Grass,Flying,FALSE,FALSE,TRUE,460,75,55,70,55,95,110
190,Aipom,Normal,,FALSE,FALSE,FALSE,360,55,70,55,40,55,85
191,Sunkern,Grass,,FALSE,FALSE,FALSE,180,30,30,30,30,30,30
192,Sunflora,Grass,,FALSE,FALSE,TRUE,425,75,75,55,105,85,30
193,Yanma,Bug,Flying,FALSE,FALSE,FALSE,390,65,65,45,75,45,95
194,Wooper,Water,Ground,FALSE,FALSE,FALSE,210,55,45,45,25,25,15
195,Quagsire,Water,Ground,FALSE,FALSE,TRUE,430,95,85,85,65,65,35
196,Espeon,Psychic,,FALSE,FALSE,TRUE,525,65,65,60,130,95,110
197,Umbreon,Dark,,FALSE,FALSE,TRUE,525,95,65,110,60,130,65
198,Murkrow,Dark,Flying,FALSE,FALSE,FALSE,405,60,85,42,85,42,91
199,Slowking,Water,Psychic,FALSE,FALSE,TRUE,490,95,75,80,100,110,30
200,Misdreavus,Ghost,,FALSE,FALSE,FALSE,435,60,60,60,85,85,85
203,Girafarig,Normal,Psychic,TRUE,FALSE,FALSE,455,70,80,65,90,65,85
204,Pineco,Bug,,FALSE,FALSE,FALSE,290,50,65,90,35,35,15
205,Forretress,Bug,Steel,FALSE,FALSE,TRUE,465,75,90,140,60,60,40
206,Dunsparce,Normal,,TRUE,FALSE,FALSE,415,100,70,70,65,65,45
207,Gligar,Ground,Flying,FALSE,FALSE,FALSE,430,65,75,105,35,65,85
208,Steelix,Steel,Ground,FALSE,FALSE,TRUE,510,75,85,200,55,65,30
209,Snubbull,Fairy,,FALSE,FALSE,FALSE,300,60,80,50,40,40,30
210,Granbull,Fairy,,FALSE,FALSE,TRUE,450,90,120,75,60,60,45
211,Qwilfish,Water,Poison,TRUE,FALSE,FALSE,430,65,95,75,55,55,85
212,Scizor,Bug,Steel,FALSE,FALSE,TRUE,500,70,130,100,55,80,65
213,Shuckle,Bug,Rock,TRUE,FALSE,FALSE,505,20,10,230,10,230,5
214,Heracross,Bug,Fighting,TRUE,FALSE,FALSE,500,80,125,75,40,95,85
215,Sneasel,Dark,Ice,FALSE,FALSE,FALSE,430,55,95,55,35,75,115
216,Teddiursa,Normal,,FALSE,FALSE,FALSE,330,60,80,50,50,50,40
217,Ursaring,Normal,,TRUE,FALSE,FALSE,500,90,130,75,75,75,55
218,Slugma,Fire,,FALSE,FALSE,FALSE,250,40,40,40,70,40,20
219,Magcargo,Fire,Rock,FALSE,FALSE,TRUE,410,50,50,120,80,80,30
220,Swinub,Ice,Ground,FALSE,FALSE,FALSE,250,50,50,40,30,30,50
221,Piloswine,Ice,Ground,FALSE,TRUE,FALSE,450,100,100,80,60,60,50
222,Corsola,Water,Rock,TRUE,FALSE,FALSE,380,55,55,85,65,85,35
223,Remoraid,Water,,FALSE,FALSE,FALSE,300,35,65,35,65,35,65
224,Octillery,Water,,FALSE,FALSE,TRUE,480,75,105,75,105,75,45
225,Delibird,Ice,Flying,TRUE,FALSE,FALSE,330,45,55,45,65,45,75
226,Mantine,Water,Flying,FALSE,FALSE,TRUE,465,65,40,70,80,140,70
227,Skarmory,Steel,Flying,TRUE,FALSE,FALSE,465,65,80,140,40,70,70
228,Houndour,Dark,Fire,FALSE,FALSE,FALSE,330,45,60,30,80,50,65
229,Houndoom,Dark,Fire,FALSE,FALSE,TRUE,500,75,90,50,110,80,95
230,Kingdra,Water,Dragon,FALSE,FALSE,TRUE,540,75,95,95,95,95,85
231,Phanpy,Ground,,FALSE,FALSE,FALSE,330,90,60,60,40,40,40
232,Donphan,Ground,,FALSE,FALSE,TRUE,500,90,120,120,60,60,50
233,Porygon2,Normal,,FALSE,TRUE,FALSE,515,85,80,90,105,95,60
234,Stantler,Normal,,TRUE,FALSE,FALSE,465,73,95,62,85,65,85
235,Smeargle,Normal,,TRUE,FALSE,FALSE,250,55,20,35,20,45,75
236,Tyrogue,Fighting,,FALSE,FALSE,FALSE,210,35,35,35,35,35,35
237,Hitmontop,Fighting,,FALSE,FALSE,TRUE,455,50,95,95,35,110,70
238,Smoochum,Ice,Psychic,FALSE,FALSE,FALSE,305,45,30,15,85,65,65
239,Elekid,Electric,,FALSE,FALSE,FALSE,360,45,63,37,65,55,95
240,Magby,Fire,,FALSE,FALSE,FALSE,365,45,75,37,70,55,83
241,Miltank,Normal,,FALSE,FALSE,FALSE,490,95,80,105,40,70,100
242,Blissey,Normal,,FALSE,FALSE,TRUE,540,255,10,10,75,135,55
243,Raikou,Electric,,TRUE,FALSE,FALSE,580,90,85,75,115,100,115
244,Entei,Fire,,TRUE,FALSE,FALSE,580,115,115,85,90,75,100
245,Suicune,Water,,TRUE,FALSE,FALSE,580,100,75,115,90,115,85
246,Larvitar,Rock,Ground,FALSE,FALSE,FALSE,300,50,64,50,45,50,41
247,Pupitar,Rock,Ground,FALSE,TRUE,FALSE,410,70,84,70,65,70,51
248,Tyranitar,Rock,Dark,FALSE,FALSE,TRUE,600,100,134,110,95,100,61
249,Lugia,Psychic,Flying,TRUE,FALSE,FALSE,680,106,90,130,90,154,110
250,Ho-oh,Fire,Flying,TRUE,FALSE,FALSE,680,106,130,90,110,154,90
251,Celebi,Psychic,Grass,TRUE,FALSE,FALSE,600,100,100,100,100,100,100
252,Treecko,Grass,,FALSE,FALSE,FALSE,310,40,45,35,65,55,70
253,Grovyle,Grass,,FALSE,TRUE,FALSE,405,50,65,45,85,65,95
254,Sceptile,Grass,,FALSE,FALSE,TRUE,530,70,85,65,105,85,120
255,Torchic,Fire,,FALSE,FALSE,FALSE,310,45,60,40,70,50,45
256,Combusken,Fire,Fighting,FALSE,TRUE,FALSE,405,60,85,60,85,60,55
257,Blaziken,Fire,Fighting,FALSE,FALSE,TRUE,530,80,120,70,110,70,80
258,Mudkip,Water,,FALSE,FALSE,FALSE,310,50,70,50,50,50,40
259,Marshtomp,Water,Ground,FALSE,TRUE,FALSE,405,70,85,70,60,70,50
260,Swampert,Water,Ground,FALSE,FALSE,TRUE,535,100,110,90,85,90,60
261,Poochyena,Dark,,FALSE,FALSE,FALSE,220,35,55,35,30,30,35
262,Mightyena,Dark,,FALSE,FALSE,TRUE,420,70,90,70,60,60,70
263,Zigzagoon,Normal,,FALSE,FALSE,FALSE,240,38,30,41,30,41,60
264,Linoone,Normal,,FALSE,FALSE,TRUE,420,78,70,61,50,61,100
265,Wurmple,Bug,,FALSE,FALSE,FALSE,195,45,45,35,20,30,20
266,Silcoon,Bug,,FALSE,TRUE,FALSE,205,50,35,55,25,25,15
267,Beautifly,Bug,Flying,FALSE,FALSE,TRUE,395,60,70,50,100,50,65
268,Cascoon,Bug,,FALSE,TRUE,FALSE,205,50,35,55,25,25,15
269,Dustox,Bug,Poison,FALSE,FALSE,TRUE,385,60,50,70,50,90,65
270,Lotad,Water,Grass,FALSE,FALSE,FALSE,220,40,30,30,40,50,30
271,Lombre,Water,Grass,FALSE,TRUE,FALSE,340,60,50,50,60,70,50
272,Ludicolo,Water,Grass,FALSE,FALSE,TRUE,480,80,70,70,90,100,70
273,Seedot,Grass,,FALSE,FALSE,FALSE,220,40,40,50,30,30,30
274,Nuzleaf,Grass,Dark,FALSE,TRUE,FALSE,340,70,70,40,60,40,60
275,Shiftry,Grass,Dark,FALSE,FALSE,TRUE,480,90,100,60,90,60,80
276,Taillow,Normal,Flying,FALSE,FALSE,FALSE,270,40,55,30,30,30,85
277,Swellow,Normal,Flying,FALSE,FALSE,TRUE,430,60,85,60,50,50,125
278,Wingull,Water,Flying,FALSE,FALSE,FALSE,270,40,30,30,55,30,85
279,Pelipper,Water,Flying,FALSE,FALSE,TRUE,430,60,50,100,85,70,65
280,Ralts,Psychic,Fairy,FALSE,FALSE,FALSE,198,28,25,25,45,35,40
281,Kirlia,Psychic,Fairy,FALSE,TRUE,FALSE,278,38,35,35,65,55,50
282,Gardevoir,Psychic,Fairy,FALSE,FALSE,TRUE,518,68,65,65,125,115,80
283,Surskit,Bug,Water,FALSE,FALSE,FALSE,269,40,30,32,50,52,65
284,Masquerain,Bug,Flying,FALSE,FALSE,TRUE,414,70,60,62,80,82,60
285,Shroomish,Grass,,FALSE,FALSE,FALSE,295,60,40,60,40,60,35
286,Breloom,Grass,Fighting,FALSE,FALSE,TRUE,460,60,130,80,60,60,70
287,Slakoth,Normal,,FALSE,FALSE,FALSE,280,60,60,60,35,35,30
288,Vigoroth,Normal,,FALSE,TRUE,FALSE,440,80,80,80,55,55,90
289,Slaking,Normal,,FALSE,FALSE,TRUE,670,150,160,100,95,65,100
290,Nincada,Bug,Ground,FALSE,FALSE,FALSE,266,31,45,90,30,30,40
291,Ninjask,Bug,Flying,FALSE,FALSE,TRUE,456,61,90,45,50,50,160
293,Whismur,Normal,,FALSE,FALSE,FALSE,240,64,51,23,51,23,28
294,Loudred,Normal,,FALSE,TRUE,FALSE,360,84,71,43,71,43,48
295,Exploud,Normal,,FALSE,FALSE,TRUE,490,104,91,63,91,73,68
296,Makuhita,Fighting,,FALSE,FALSE,FALSE,237,72,60,30,20,30,25
297,Hariyama,Fighting,,FALSE,FALSE,TRUE,474,144,120,60,40,60,50
298,Azurill,Normal,Fairy,FALSE,FALSE,FALSE,190,50,20,40,20,40,20
299,Nosepass,Rock,,FALSE,FALSE,FALSE,375,30,45,135,45,90,30
300,Skitty,Normal,,FALSE,FALSE,FALSE,260,50,45,45,35,35,50
301,Delcatty,Normal,,FALSE,FALSE,TRUE,380,70,65,65,55,55,70
302,Sableye,Dark,Ghost,TRUE,FALSE,FALSE,380,50,75,75,65,65,50
303,Mawile,Steel,Fairy,TRUE,FALSE,FALSE,380,50,85,85,55,55,50
304,Aron,Steel,Rock,FALSE,FALSE,FALSE,330,50,70,100,40,40,30
305,Lairon,Steel,Rock,FALSE,TRUE,FALSE,430,60,90,140,50,50,40
306,Aggron,Steel,Rock,FALSE,FALSE,TRUE,530,70,110,180,60,60,50
307,Meditite,Fighting,Psychic,FALSE,FALSE,FALSE,280,30,40,55,40,55,60
308,Medicham,Fighting,Psychic,FALSE,FALSE,TRUE,410,60,60,75,60,75,80
309,Electrike,Electric,,FALSE,FALSE,FALSE,295,40,45,40,65,40,65
310,Manectric,Electric,,FALSE,FALSE,TRUE,475,70,75,60,105,60,105
311,Plusle,Electric,,TRUE,FALSE,FALSE,405,60,50,40,85,75,95
312,Minun,Electric,,TRUE,FALSE,FALSE,405,60,40,50,75,85,95
313,Volbeat,Bug,,TRUE,FALSE,FALSE,400,65,73,55,47,75,85
314,Illumise,Bug,,TRUE,FALSE,FALSE,400,65,47,55,73,75,85
315,Roselia,Grass,Poison,FALSE,TRUE,FALSE,400,50,60,45,100,80,65
316,Gulpin,Poison,,FALSE,FALSE,FALSE,302,70,43,53,43,53,40
317,Swalot,Poison,,FALSE,FALSE,TRUE,467,100,73,83,73,83,55
318,Carvanha,Water,Dark,FALSE,FALSE,FALSE,305,45,90,20,65,20,65
319,Sharpedo,Water,Dark,FALSE,FALSE,TRUE,460,70,120,40,95,40,95
320,Wailmer,Water,,FALSE,FALSE,FALSE,400,130,70,35,70,35,60
321,Wailord,Water,,FALSE,FALSE,TRUE,500,170,90,45,90,45,60
322,Numel,Fire,Ground,FALSE,FALSE,FALSE,305,60,60,40,65,45,35
323,Camerupt,Fire,Ground,FALSE,FALSE,TRUE,460,70,100,70,105,75,40
324,Torkoal,Fire,,FALSE,FALSE,FALSE,470,70,85,140,85,70,20
325,Spoink,Psychic,,FALSE,FALSE,FALSE,330,60,25,35,70,80,60
326,Grumpig,Psychic,,FALSE,FALSE,TRUE,470,80,45,65,90,110,80
327,Spinda,Normal,,FALSE,FALSE,FALSE,360,60,60,60,60,60,60
328,Trapinch,Ground,,FALSE,FALSE,FALSE,290,45,100,45,45,45,10
329,Vibrava,Ground,Dragon,FALSE,TRUE,FALSE,340,50,70,50,50,50,70
330,Flygon,Ground,Dragon,FALSE,FALSE,TRUE,520,80,100,80,80,80,100
331,Cacnea,Grass,,FALSE,FALSE,FALSE,335,50,85,40,85,40,35
332,Cacturne,Grass,Dark,FALSE,FALSE,TRUE,475,70,115,60,115,60,55
333,Swablu,Normal,Flying,FALSE,FALSE,FALSE,310,45,40,60,40,75,50
334,Altaria,Dragon,Flying,FALSE,FALSE,TRUE,490,75,70,90,70,105,80
335,Zangoose,Normal,,TRUE,FALSE,FALSE,458,73,115,60,60,60,90
336,Seviper,Poison,,TRUE,FALSE,FALSE,458,73,100,60,100,60,65
337,Lunatone,Rock,Psychic,TRUE,FALSE,FALSE,440,70,55,65,95,85,70
338,Solrock,Rock,Psychic,TRUE,FALSE,FALSE,440,70,95,85,55,65,70
339,Barboach,Water,Ground,FALSE,FALSE,FALSE,288,50,48,43,46,41,60
340,Whiscash,Water,Ground,FALSE,FALSE,TRUE,468,110,78,73,76,71,60
341,Corphish,Water,,FALSE,FALSE,FALSE,308,43,80,65,50,35,35
342,Crawdaunt,Water,Dark,FALSE,FALSE,TRUE,468,63,120,85,90,55,55
343,Baltoy,Ground,Psychic,FALSE,FALSE,FALSE,300,40,40,55,40,70,55
344,Claydol,Ground,Psychic,FALSE,FALSE,TRUE,500,60,70,105,70,120,75
345,Lileep,Rock,Grass,FALSE,FALSE,FALSE,355,66,41,77,61,87,23
346,Cradily,Rock,Grass,FALSE,FALSE,TRUE,495,86,81,97,81,107,43
347,Anorith,Rock,Bug,FALSE,FALSE,FALSE,355,45,95,50,40,50,75
348,Armaldo,Rock,Bug,FALSE,FALSE,TRUE,495,75,125,100,70,80,45
349,Feebas,Water,,FALSE,FALSE,FALSE,200,20,15,20,10,55,80
350,Milotic,Water,,FALSE,FALSE,TRUE,540,95,60,79,100,125,81
352,Kecleon,Normal,,TRUE,FALSE,FALSE,440,60,90,70,60,120,40
353,Shuppet,Ghost,,FALSE,FALSE,FALSE,295,44,75,35,63,33,45
354,Banette,Ghost,,FALSE,FALSE,TRUE,455,64,115,65,83,63,65
355,Duskull,Ghost,,FALSE,FALSE,FALSE,295,20,40,90,30,90,25
356,Dusclops,Ghost,,FALSE,TRUE,FALSE,455,40,70,130,60,130,25
357,Tropius,Grass,Flying,TRUE,FALSE,FALSE,460,99,68,83,72,87,51
358,Chimecho,Psychic,,FALSE,FALSE,TRUE,425,65,50,70,95,80,65
359,Absol,Dark,,TRUE,FALSE,FALSE,465,65,130,60,75,60,75
360,Wynaut,Psychic,,FALSE,FALSE,FALSE,260,95,23,48,23,48,23
361,Snorunt,Ice,,FALSE,FALSE,FALSE,300,50,50,50,50,50,50
362,Glalie,Ice,,FALSE,FALSE,TRUE,480,80,80,80,80,80,80
363,Spheal,Ice,Water,FALSE,FALSE,FALSE,290,70,40,50,55,50,25
364,Sealeo,Ice,Water,FALSE,TRUE,FALSE,410,90,60,70,75,70,45
365,Walrein,Ice,Water,FALSE,FALSE,TRUE,530,110,80,90,95,90,65
366,Clamperl,Water,,FALSE,FALSE,FALSE,345,35,64,85,74,55,32
367,Huntail,Water,,FALSE,FALSE,TRUE,485,55,104,105,94,75,52
368,Gorebyss,Water,,FALSE,FALSE,TRUE,485,55,84,105,114,75,52
369,Relicanth,Water,Rock,TRUE,FALSE,FALSE,485,100,90,130,45,65,55
370,Luvdisc,Water,,TRUE,FALSE,FALSE,330,43,30,55,40,65,97
371,Bagon,Dragon,,FALSE,FALSE,FALSE,300,45,75,60,40,30,50
372,Shelgon,Dragon,,FALSE,TRUE,FALSE,420,65,95,100,60,50,50
373,Salamence,Dragon,Flying,FALSE,FALSE,TRUE,600,95,135,80,110,80,100
374,Beldum,Steel,Psychic,FALSE,FALSE,FALSE,300,40,55,80,35,60,30
375,Metang,Steel,Psychic,FALSE,TRUE,FALSE,420,60,75,100,55,80,50
376,Metagross,Steel,Psychic,FALSE,FALSE,TRUE,600,80,135,130,95,90,70
377,Regirock,Rock,,TRUE,FALSE,FALSE,580,80,100,200,50,100,50
378,Regice,Ice,,TRUE,FALSE,FALSE,580,80,50,100,100,200,50
379,Registeel,Steel,,TRUE,FALSE,FALSE,580,80,75,150,75,150,50
380,Latias,Dragon,Psychic,TRUE,FALSE,FALSE,600,80,80,90,110,130,110
381,Latios,Dragon,Psychic,TRUE,FALSE,FALSE,600,80,90,80,130,110,110
382,Kyogre,Water,,TRUE,FALSE,FALSE,670,100,100,90,150,140,90
383,Groudon,Ground,,TRUE,FALSE,FALSE,670,100,150,140,100,90,90
384,Rayquaza,Dragon,Flying,TRUE,FALSE,FALSE,680,105,150,90,150,90,95
385,Jirachi,Steel,Psychic,TRUE,FALSE,FALSE,600,100,100,100,100,100,100
386,Deoxys,Psychic,,TRUE,FALSE,FALSE,600,50,150,50,150,50,150
387,Turtwig,Grass,,FALSE,FALSE,FALSE,318,55,68,64,45,55,31
388,Grotle,Grass,,FALSE,TRUE,FALSE,405,75,89,85,55,65,36
389,Torterra,Grass,Ground,FALSE,FALSE,TRUE,525,95,109,105,75,85,56
390,Chimchar,Fire,,FALSE,FALSE,FALSE,309,44,58,44,58,44,61
391,Monferno,Fire,Fighting,FALSE,TRUE,FALSE,405,64,78,52,78,52,81
392,Infernape,Fire,Fighting,FALSE,FALSE,TRUE,534,76,104,71,104,71,108
393,Piplup,Water,,FALSE,FALSE,FALSE,314,53,51,53,61,56,40
394,Prinplup,Water,,FALSE,TRUE,FALSE,405,64,66,68,81,76,50
395,Empoleon,Water,Steel,FALSE,FALSE,TRUE,530,84,86,88,111,101,60
396,Starly,Normal,Flying,FALSE,FALSE,FALSE,245,40,55,30,30,30,60
397,Staravia,Normal,Flying,FALSE,TRUE,FALSE,340,55,75,50,40,40,80
398,Staraptor,Normal,Flying,FALSE,FALSE,TRUE,485,85,120,70,50,60,100
399,Bidoof,Normal,,FALSE,FALSE,FALSE,250,59,45,40,35,40,31
400,Bibarel,Normal,Water,FALSE,FALSE,TRUE,410,79,85,60,55,60,71
401,Kricketot,Bug,,FALSE,FALSE,FALSE,194,37,25,41,25,41,25
402,Kricketune,Bug,,FALSE,FALSE,TRUE,384,77,85,51,55,51,65
403,Shinx,Electric,,FALSE,FALSE,FALSE,263,45,65,34,40,34,45
404,Luxio,Electric,,FALSE,TRUE,FALSE,363,60,85,49,60,49,60
405,Luxray,Electric,,FALSE,FALSE,TRUE,523,80,120,79,95,79,70
406,Budew,Grass,Poison,FALSE,FALSE,FALSE,280,40,30,35,50,70,55
407,Roserade,Grass,Poison,FALSE,FALSE,TRUE,515,60,70,65,125,105,90
408,Cranidos,Rock,,FALSE,FALSE,FALSE,350,67,125,40,30,30,58
409,Rampardos,Rock,,FALSE,FALSE,TRUE,495,97,165,60,65,50,58
410,Shieldon,Rock,Steel,FALSE,FALSE,FALSE,350,30,42,118,42,88,30
411,Bastiodon,Rock,Steel,FALSE,FALSE,TRUE,495,60,52,168,47,138,30
412,Burmy,Bug,,FALSE,FALSE,FALSE,224,40,29,45,29,45,36
413,Wormadam,Bug,Grass,FALSE,FALSE,TRUE,424,60,59,85,79,105,36
414,Mothim,Bug,Flying,FALSE,FALSE,TRUE,424,70,94,50,94,50,66
415,Combee,Bug,Flying,FALSE,FALSE,FALSE,244,30,30,42,30,42,70
416,Vespiquen,Bug,Flying,FALSE,FALSE,TRUE,474,70,80,102,80,102,40
417,Pachirisu,Electric,,TRUE,FALSE,FALSE,405,60,45,70,45,90,95
418,Buizel,Water,,FALSE,FALSE,FALSE,330,55,65,35,60,30,85
419,Floatzel,Water,,FALSE,FALSE,TRUE,495,85,105,55,85,50,115
420,Cherubi,Grass,,FALSE,FALSE,FALSE,275,45,35,45,62,53,35
421,Cherrim,Grass,,FALSE,FALSE,TRUE,450,70,60,70,87,78,85
422,Shellos,Water,,FALSE,FALSE,FALSE,325,76,48,48,57,62,34
423,Gastrodon,Water,Ground,FALSE,FALSE,TRUE,475,111,83,68,92,82,39
424,Ambipom,Normal,,FALSE,FALSE,TRUE,482,75,100,66,60,66,115
425,Drifloon,Ghost,Flying,FALSE,FALSE,FALSE,348,90,50,34,60,44,70
426,Drifblim,Ghost,Flying,FALSE,FALSE,TRUE,498,150,80,44,90,54,80
427,Buneary,Normal,,FALSE,FALSE,FALSE,350,55,66,44,44,56,85
428,Lopunny,Normal,,FALSE,FALSE,TRUE,480,65,76,84,54,96,105
429,Mismagius,Ghost,,FALSE,FALSE,TRUE,495,60,60,60,105,105,105
430,Honchkrow,Dark,Flying,FALSE,FALSE,TRUE,505,100,125,52,105,52,71
431,Glameow,Normal,,FALSE,FALSE,FALSE,310,49,55,42,42,37,85
432,Purugly,Normal,,FALSE,FALSE,TRUE,452,71,82,64,64,59,112
433,Chingling,Psychic,,FALSE,FALSE,FALSE,285,45,30,50,65,50,45
434,Stunky,Poison,Dark,FALSE,FALSE,FALSE,329,63,63,47,41,41,74
435,Skuntank,Poison,Dark,FALSE,FALSE,TRUE,479,103,93,67,71,61,84
436,Bronzor,Steel,Psychic,FALSE,FALSE,FALSE,300,57,24,86,24,86,23
437,Bronzong,Steel,Psychic,FALSE,FALSE,TRUE,500,67,89,116,79,116,33
438,Bonsly,Rock,,FALSE,FALSE,FALSE,290,50,80,95,10,45,10
439,Mime Jr.,Psychic,Fairy,FALSE,FALSE,FALSE,310,20,25,45,70,90,60
440,Happiny,Normal,,FALSE,FALSE,FALSE,220,100,5,5,15,65,30
441,Chatot,Normal,Flying,TRUE,FALSE,FALSE,411,76,65,45,92,42,91
442,Spiritomb,Ghost,Dark,TRUE,FALSE,FALSE,485,50,92,108,92,108,35
443,Gible,Dragon,Ground,FALSE,FALSE,FALSE,300,58,70,45,40,45,42
444,Gabite,Dragon,Ground,FALSE,TRUE,FALSE,410,68,90,65,50,55,82
445,Garchomp,Dragon,Ground,FALSE,FALSE,TRUE,600,108,130,95,80,85,102
446,Munchlax,Normal,,FALSE,FALSE,FALSE,390,135,85,40,40,85,5
447,Riolu,Fighting,,FALSE,FALSE,FALSE,285,40,70,40,35,40,60
448,Lucario,Fighting,Steel,FALSE,FALSE,TRUE,525,70,110,70,115,70,90
449,Hippopotas,Ground,,FALSE,FALSE,FALSE,330,68,72,78,38,42,32
450,Hippowdon,Ground,,FALSE,FALSE,TRUE,525,108,112,118,68,72,47
451,Skorupi,Poison,Bug,FALSE,FALSE,FALSE,330,40,50,90,30,55,65
452,Drapion,Poison,Dark,FALSE,FALSE,TRUE,500,70,90,110,60,75,95
453,Croagunk,Poison,Fighting,FALSE,FALSE,FALSE,300,48,61,40,61,40,50
454,Toxicroak,Poison,Fighting,FALSE,FALSE,TRUE,490,83,106,65,86,65,85
455,Carnivine,Grass,,TRUE,FALSE,FALSE,454,74,100,72,90,72,46
456,Finneon,Water,,FALSE,FALSE,FALSE,330,49,49,56,49,61,66
457,Lumineon,Water,,FALSE,FALSE,TRUE,460,69,69,76,69,86,91
458,Mantyke,Water,Flying,FALSE,FALSE,FALSE,345,45,20,50,60,120,50
459,Snover,Grass,Ice,FALSE,FALSE,FALSE,334,60,62,50,62,60,40
460,Abomasnow,Grass,Ice,FALSE,FALSE,TRUE,494,90,92,75,92,85,60
461,Weavile,Dark,Ice,FALSE,FALSE,TRUE,510,70,120,65,45,85,125
462,Magnezone,Electric,Steel,FALSE,FALSE,TRUE,535,70,70,115,130,90,60
463,Lickilicky,Normal,,FALSE,FALSE,TRUE,515,110,85,95,80,95,50
464,Rhyperior,Ground,Rock,FALSE,FALSE,TRUE,535,115,140,130,55,55,40
465,Tangrowth,Grass,,FALSE,FALSE,TRUE,535,100,100,125,110,50,50
466,Electivire,Electric,,FALSE,FALSE,TRUE,540,75,123,67,95,85,95
467,Magmortar,Fire,,FALSE,FALSE,TRUE,540,75,95,67,125,95,83
468,Togekiss,Fairy,Flying,FALSE,FALSE,TRUE,545,85,50,95,120,115,80
469,Yanmega,Bug,Flying,FALSE,FALSE,TRUE,515,86,76,86,116,56,95
470,Leafeon,Grass,,FALSE,FALSE,TRUE,525,65,110,130,60,65,95
471,Glaceon,Ice,,FALSE,FALSE,TRUE,525,65,60,110,130,95,65
472,Gliscor,Ground,Flying,FALSE,FALSE,TRUE,510,75,95,125,45,75,95
473,Mamoswine,Ice,Ground,FALSE,FALSE,TRUE,530,110,130,80,70,60,80
474,Porygon-Z,Normal,,FALSE,FALSE,TRUE,535,85,80,70,135,75,90
475,Gallade,Psychic,Fighting,FALSE,FALSE,TRUE,518,68,125,65,65,115,80
476,Probopass,Rock,Steel,FALSE,FALSE,TRUE,525,60,55,145,75,150,40
477,Dusknoir,Ghost,,FALSE,FALSE,TRUE,525,45,100,135,65,135,45
478,Froslass,Ice,Ghost,FALSE,FALSE,TRUE,480,70,80,70,80,70,110
479,Rotom,Electric,Ghost,TRUE,FALSE,FALSE,440,50,50,77,95,77,91
480,Uxie,Psychic,,TRUE,FALSE,FALSE,580,75,75,130,75,130,95
481,Mesprit,Psychic,,TRUE,FALSE,FALSE,580,80,105,105,105,105,80
482,Azelf,Psychic,,TRUE,FALSE,FALSE,580,75,125,70,125,70,115
483,Dialga,Steel,Dragon,TRUE,FALSE,FALSE,680,100,120,120,150,100,90
484,Palkia,Water,Dragon,TRUE,FALSE,FALSE,680,90,120,100,150,120,100
485,Heatran,Fire,Steel,TRUE,FALSE,FALSE,600,91,90,106,130,106,77
486,Regigigas,Normal,,TRUE,FALSE,FALSE,670,110,160,110,80,110,100
487,Giratina,Ghost,Dragon,TRUE,FALSE,FALSE,680,150,100,120,100,120,90
488,Cresselia,Psychic,,TRUE,FALSE,FALSE,600,120,70,120,75,130,85
489,Phione,Water,,TRUE,FALSE,FALSE,480,80,80,80,80,80,80
490,Manaphy,Water,,TRUE,FALSE,FALSE,600,100,100,100,100,100,100
491,Darkrai,Dark,,TRUE,FALSE,FALSE,600,70,90,90,135,90,125
492,Shaymin,Grass,,TRUE,FALSE,FALSE,600,100,100,100,100,100,100
493,Arceus,Normal,,TRUE,FALSE,FALSE,720,120,120,120,120,120,120
494,Victini,Psychic,Fire,TRUE,FALSE,FALSE,600,100,100,100,100,100,100
495,Snivy,Grass,,FALSE,FALSE,FALSE,308,45,45,55,45,55,63
496,Servine,Grass,,FALSE,TRUE,FALSE,413,60,60,75,60,75,83
497,Serperior,Grass,,FALSE,FALSE,TRUE,528,75,75,95,75,95,113
498,Tepig,Fire,,FALSE,FALSE,FALSE,308,65,63,45,45,45,45
499,Pignite,Fire,Fighting,FALSE,TRUE,FALSE,418,90,93,55,70,55,55
500,Emboar,Fire,Fighting,FALSE,FALSE,TRUE,528,110,123,65,100,65,65
501,Oshawott,Water,,FALSE,FALSE,FALSE,308,55,55,45,63,45,45
502,Dewott,Water,,FALSE,TRUE,FALSE,413,75,75,60,83,60,60
503,Samurott,Water,,FALSE,FALSE,TRUE,528,95,100,85,108,70,70
504,Patrat,Normal,,FALSE,FALSE,FALSE,255,45,55,39,35,39,42
505,Watchog,Normal,,FALSE,FALSE,TRUE,420,60,85,69,60,69,77
506,Lillipup,Normal,,FALSE,FALSE,FALSE,275,45,60,45,25,45,55
507,Herdier,Normal,,FALSE,TRUE,FALSE,370,65,80,65,35,65,60
508,Stoutland,Normal,,FALSE,FALSE,TRUE,500,85,110,90,45,90,80
509,Purrloin,Dark,,FALSE,FALSE,FALSE,281,41,50,37,50,37,66
510,Liepard,Dark,,FALSE,FALSE,TRUE,446,64,88,50,88,50,106
511,Pansage,Grass,,FALSE,FALSE,FALSE,316,50,53,48,53,48,64
512,Simisage,Grass,,FALSE,FALSE,TRUE,498,75,98,63,98,63,101
513,Pansear,Fire,,FALSE,FALSE,FALSE,316,50,53,48,53,48,64
514,Simisear,Fire,,FALSE,FALSE,TRUE,498,75,98,63,98,63,101
515,Panpour,Water,,FALSE,FALSE,FALSE,316,50,53,48,53,48,64
516,Simipour,Water,,FALSE,FALSE,TRUE,498,75,98,63,98,63,101
517,Munna,Psychic,,FALSE,FALSE,FALSE,292,76,25,45,67,55,24
518,Musharna,Psychic,,FALSE,FALSE,TRUE,487,116,55,85,107,95,29
519,Pidove,Normal,Flying,FALSE,FALSE,FALSE,264,50,55,50,36,30,43
520,Tranquill,Normal,Flying,FALSE,TRUE,FALSE,358,62,77,62,50,42,65
521,Unfezant,Normal,Flying,FALSE,FALSE,TRUE,488,80,115,80,65,55,93
522,Blitzle,Electric,,FALSE,FALSE,FALSE,295,45,60,32,50,32,76
523,Zebstrika,Electric,,FALSE,FALSE,TRUE,497,75,100,63,80,63,116
524,Roggenrola,Rock,,FALSE,FALSE,FALSE,280,55,75,85,25,25,15
525,Boldore,Rock,,FALSE,TRUE,FALSE,390,70,105,105,50,40,20
526,Gigalith,Rock,,FALSE,FALSE,TRUE,515,85,135,130,60,80,25
527,Woobat,Psychic,Flying,FALSE,FALSE,FALSE,313,55,45,43,55,43,72
528,Swoobat,Psychic,Flying,FALSE,FALSE,TRUE,425,67,57,55,77,55,114
529,Drilbur,Ground,,FALSE,FALSE,FALSE,328,60,85,40,30,45,68
530,Excadrill,Ground,Steel,FALSE,FALSE,TRUE,508,110,135,60,50,65,88
531,Audino,Normal,,TRUE,FALSE,FALSE,445,103,60,86,60,86,50
532,Timburr,Fighting,,FALSE,FALSE,FALSE,305,75,80,55,25,35,35
533,Gurdurr,Fighting,,FALSE,TRUE,FALSE,405,85,105,85,40,50,40
534,Conkeldurr,Fighting,,FALSE,FALSE,TRUE,505,105,140,95,55,65,45
535,Tympole,Water,,FALSE,FALSE,FALSE,294,50,50,40,50,40,64
536,Palpitoad,Water,Ground,FALSE,TRUE,FALSE,384,75,65,55,65,55,69
537,Seismitoad,Water,Ground,FALSE,FALSE,TRUE,509,105,95,75,85,75,74
538,Throh,Fighting,,TRUE,FALSE,FALSE,465,120,100,85,30,85,45
539,Sawk,Fighting,,TRUE,FALSE,FALSE,465,75,125,75,30,75,85
540,Sewaddle,Bug,Grass,FALSE,FALSE,FALSE,310,45,53,70,40,60,42
541,Swadloon,Bug,Grass,FALSE,TRUE,FALSE,380,55,63,90,50,80,42
542,Leavanny,Bug,Grass,FALSE,FALSE,TRUE,500,75,103,80,70,80,92
543,Venipede,Bug,Poison,FALSE,FALSE,FALSE,260,30,45,59,30,39,57
544,Whirlipede,Bug,Poison,FALSE,TRUE,FALSE,360,40,55,99,40,79,47
545,Scolipede,Bug,Poison,FALSE,FALSE,TRUE,485,60,100,89,55,69,112
546,Cottonee,Grass,Fairy,FALSE,FALSE,FALSE,280,40,27,60,37,50,66
547,Whimsicott,Grass,Fairy,FALSE,FALSE,TRUE,480,60,67,85,77,75,116
548,Petilil,Grass,,FALSE,FALSE,FALSE,280,45,35,50,70,50,30
549,Lilligant,Grass,,FALSE,FALSE,TRUE,480,70,60,75,110,75,90
550,Basculin,Water,,TRUE,FALSE,FALSE,460,70,92,65,80,55,98
551,Sandile,Ground,Dark,FALSE,FALSE,FALSE,292,50,72,35,35,35,65
552,Krokorok,Ground,Dark,FALSE,TRUE,FALSE,351,60,82,45,45,45,74
553,Krookodile,Ground,Dark,FALSE,FALSE,TRUE,519,95,117,80,65,70,92
554,Darumaka,Fire,,FALSE,FALSE,FALSE,315,70,90,45,15,45,50
555,Darmanitan,Fire,,FALSE,FALSE,TRUE,480,105,140,55,30,55,95
556,Maractus,Grass,,TRUE,FALSE,FALSE,461,75,86,67,106,67,60
557,Dwebble,Bug,Rock,FALSE,FALSE,FALSE,325,50,65,85,35,35,55
558,Crustle,Bug,Rock,FALSE,FALSE,TRUE,475,70,95,125,65,75,45
559,Scraggy,Dark,Fighting,FALSE,FALSE,FALSE,348,50,75,70,35,70,48
560,Scrafty,Dark,Fighting,FALSE,FALSE,TRUE,488,65,90,115,45,115,58
561,Sigilyph,Psychic,Flying,TRUE,FALSE,FALSE,490,72,58,80,103,80,97
562,Yamask,Ghost,,FALSE,FALSE,FALSE,303,38,30,85,55,65,30
563,Cofagrigus,Ghost,,FALSE,FALSE,TRUE,483,58,50,145,95,105,30
564,Tirtouga,Water,Rock,FALSE,FALSE,FALSE,355,54,78,103,53,45,22
565,Carracosta,Water,Rock,FALSE,FALSE,TRUE,495,74,108,133,83,65,32
566,Archen,Rock,Flying,FALSE,FALSE,FALSE,401,55,112,45,74,45,70
567,Archeops,Rock,Flying,FALSE,FALSE,TRUE,567,75,140,65,112,65,110
568,Trubbish,Poison,,FALSE,FALSE,FALSE,329,50,50,62,40,62,65
569,Garbodor,Poison,,FALSE,FALSE,TRUE,474,80,95,82,60,82,75
570,Zorua,Dark,,FALSE,FALSE,FALSE,330,40,65,40,80,40,65
571,Zoroark,Dark,,FALSE,FALSE,TRUE,510,60,105,60,120,60,105
572,Minccino,Normal,,FALSE,FALSE,FALSE,300,55,50,40,40,40,75
573,Cinccino,Normal,,FALSE,FALSE,TRUE,470,75,95,60,65,60,115
574,Gothita,Psychic,,FALSE,FALSE,FALSE,290,45,30,50,55,65,45
575,Gothorita,Psychic,,FALSE,TRUE,FALSE,390,60,45,70,75,85,55
576,Gothitelle,Psychic,,FALSE,FALSE,TRUE,490,70,55,95,95,110,65
577,Solosis,Psychic,,FALSE,FALSE,FALSE,290,45,30,40,105,50,20
578,Duosion,Psychic,,FALSE,TRUE,FALSE,370,65,40,50,125,60,30
579,Reuniclus,Psychic,,FALSE,FALSE,TRUE,490,110,65,75,125,85,30
580,Ducklett,Water,Flying,FALSE,FALSE,FALSE,305,62,44,50,44,50,55
581,Swanna,Water,Flying,FALSE,FALSE,TRUE,473,75,87,63,87,63,98
582,Vanillite,Ice,,FALSE,FALSE,FALSE,305,36,50,50,65,60,44
583,Vanillish,Ice,,FALSE,TRUE,FALSE,395,51,65,65,80,75,59
584,Vanilluxe,Ice,,FALSE,FALSE,TRUE,535,71,95,85,110,95,79
585,Deerling,Normal,Grass,FALSE,FALSE,FALSE,335,60,60,50,40,50,75
586,Sawsbuck,Normal,Grass,FALSE,FALSE,TRUE,475,80,100,70,60,70,95
587,Emolga,Electric,Flying,TRUE,FALSE,FALSE,428,55,75,60,75,60,103
588,Karrablast,Bug,,FALSE,FALSE,FALSE,315,50,75,45,40,45,60
589,Escavalier,Bug,Steel,FALSE,FALSE,TRUE,495,70,135,105,60,105,20
590,Foongus,Grass,Poison,FALSE,FALSE,FALSE,294,69,55,45,55,55,15
591,Amoonguss,Grass,Poison,FALSE,FALSE,TRUE,464,114,85,70,85,80,30
592,Frillish,Water,Ghost,FALSE,FALSE,FALSE,335,55,40,50,65,85,40
593,Jellicent,Water,Ghost,FALSE,FALSE,TRUE,480,100,60,70,85,105,60
594,Alomomola,Water,,TRUE,FALSE,FALSE,470,165,75,80,40,45,65
595,Joltik,Bug,Electric,FALSE,FALSE,FALSE,319,50,47,50,57,50,65
596,Galvantula,Bug,Electric,FALSE,FALSE,TRUE,472,70,77,60,97,60,108
597,Ferroseed,Grass,Steel,FALSE,FALSE,FALSE,305,44,50,91,24,86,10
598,Ferrothorn,Grass,Steel,FALSE,FALSE,TRUE,489,74,94,131,54,116,20
599,Klink,Steel,,FALSE,FALSE,FALSE,300,40,55,70,45,60,30
600,Klang,Steel,,FALSE,TRUE,FALSE,440,60,80,95,70,85,50
601,Klinklang,Steel,,FALSE,FALSE,TRUE,520,60,100,115,70,85,90
602,Tynamo,Electric,,FALSE,FALSE,FALSE,275,35,55,40,45,40,60
603,Eelektrik,Electric,,FALSE,TRUE,FALSE,405,65,85,70,75,70,40
604,Eelektross,Electric,,FALSE,FALSE,TRUE,515,85,115,80,105,80,50
605,Elgyem,Psychic,,FALSE,FALSE,FALSE,335,55,55,55,85,55,30
606,Beheeyem,Psychic,,FALSE,FALSE,TRUE,485,75,75,75,125,95,40
607,Litwick,Ghost,Fire,FALSE,FALSE,FALSE,275,50,30,55,65,55,20
608,Lampent,Ghost,Fire,FALSE,TRUE,FALSE,370,60,40,60,95,60,55
609,Chandelure,Ghost,Fire,FALSE,FALSE,TRUE,520,60,55,90,145,90,80
610,Axew,Dragon,,FALSE,FALSE,FALSE,320,46,87,60,30,40,57
611,Fraxure,Dragon,,FALSE,TRUE,FALSE,410,66,117,70,40,50,67
612,Haxorus,Dragon,,FALSE,FALSE,TRUE,540,76,147,90,60,70,97
613,Cubchoo,Ice,,FALSE,FALSE,FALSE,305,55,70,40,60,40,40
614,Beartic,Ice,,FALSE,FALSE,TRUE,485,95,110,80,70,80,50
615,Cryogonal,Ice,,TRUE,FALSE,FALSE,485,70,50,30,95,135,105
616,Shelmet,Bug,,FALSE,FALSE,FALSE,305,50,40,85,40,65,25
617,Accelgor,Bug,,FALSE,FALSE,TRUE,495,80,70,40,100,60,145
618,Stunfisk,Ground,Electric,TRUE,FALSE,FALSE,471,109,66,84,81,99,32
619,Mienfoo,Fighting,,FALSE,FALSE,FALSE,350,45,85,50,55,50,65
620,Mienshao,Fighting,,FALSE,FALSE,TRUE,510,65,125,60,95,60,105
621,Druddigon,Dragon,,TRUE,FALSE,FALSE,485,77,120,90,60,90,48
622,Golett,Ground,Ghost,FALSE,FALSE,FALSE,303,59,74,50,35,50,35
623,Golurk,Ground,Ghost,FALSE,FALSE,TRUE,483,89,124,80,55,80,55
624,Pawniard,Dark,Steel,FALSE,FALSE,FALSE,340,45,85,70,40,40,60
625,Bisharp,Dark,Steel,FALSE,FALSE,TRUE,490,65,125,100,60,70,70
626,Bouffalant,Normal,,TRUE,FALSE,FALSE,490,95,110,95,40,95,55
627,Rufflet,Normal,Flying,FALSE,FALSE,FALSE,350,70,83,50,37,50,60
628,Braviary,Normal,Flying,FALSE,FALSE,TRUE,510,100,123,75,57,75,80
629,Vullaby,Dark,Flying,FALSE,FALSE,FALSE,370,70,55,75,45,65,60
630,Mandibuzz,Dark,Flying,FALSE,FALSE,TRUE,510,110,65,105,55,95,80
631,Heatmor,Fire,,TRUE,FALSE,FALSE,484,85,97,66,105,66,65
632,Durant,Bug,Steel,TRUE,FALSE,FALSE,484,58,109,112,48,48,109
633,Deino,Dark,Dragon,FALSE,FALSE,FALSE,300,52,65,50,45,50,38
634,Zweilous,Dark,Dragon,FALSE,TRUE,FALSE,420,72,85,70,65,70,58
635,Hydreigon,Dark,Dragon,FALSE,FALSE,TRUE,600,92,105,90,125,90,98
636,Larvesta,Bug,Fire,FALSE,FALSE,FALSE,360,55,85,55,50,55,60
637,Volcarona,Bug,Fire,FALSE,FALSE,TRUE,550,85,60,65,135,105,100
638,Cobalion,Steel,Fighting,TRUE,FALSE,FALSE,580,91,90,129,90,72,108
639,Terrakion,Rock,Fighting,TRUE,FALSE,FALSE,580,91,129,90,72,90,108
640,Virizion,Grass,Fighting,TRUE,FALSE,FALSE,580,91,90,72,90,129,108
641,Tornadus,Flying,,TRUE,FALSE,FALSE,580,79,115,70,125,80,111
642,Thundurus,Electric,Flying,TRUE,FALSE,FALSE,580,79,115,70,125,80,111
643,Reshiram,Dragon,Fire,TRUE,FALSE,FALSE,680,100,120,100,150,120,90
644,Zekrom,Dragon,Electric,TRUE,FALSE,FALSE,680,100,150,120,120,100,90
645,Landorus,Ground,Flying,TRUE,FALSE,FALSE,600,89,125,90,115,80,101
646,Kyurem,Dragon,Ice,TRUE,FALSE,FALSE,660,125,130,90,130,90,95
647,Keldeo,Water,Fighting,TRUE,FALSE,FALSE,580,91,72,90,129,90,108
648,Meloetta,Normal,Psychic,TRUE,FALSE,FALSE,600,100,77,77,128,128,90
649,Genesect,Bug,Steel,TRUE,FALSE,FALSE,600,71,120,95,120,95,99
650,Chespin,Grass,,FALSE,FALSE,FALSE,313,56,61,65,48,45,38
651,Quilladin,Grass,,FALSE,TRUE,FALSE,405,61,78,95,56,58,57
652,Chesnaught,Grass,Fighting,FALSE,FALSE,TRUE,530,88,107,122,74,75,64
653,Fennekin,Fire,,FALSE,FALSE,FALSE,307,40,45,40,62,60,60
654,Braixen,Fire,,FALSE,TRUE,FALSE,409,59,59,58,90,70,73
655,Delphox,Fire,Psychic,FALSE,FALSE,TRUE,534,75,69,72,114,100,104
656,Froakie,Water,,FALSE,FALSE,FALSE,314,41,56,40,62,44,71
657,Frogadier,Water,,FALSE,TRUE,FALSE,405,54,63,52,83,56,97
658,Greninja,Water,Dark,FALSE,FALSE,TRUE,530,72,95,67,103,71,122
659,Bunnelby,Normal,,FALSE,FALSE,FALSE,237,38,36,38,32,36,57
660,Diggersby,Normal,Ground,FALSE,FALSE,TRUE,423,85,56,77,50,77,78
661,Fletchling,Normal,Flying,FALSE,FALSE,FALSE,278,45,50,43,40,38,62
662,Fletchinder,Fire,Flying,FALSE,TRUE,FALSE,382,62,73,55,56,52,84
663,Talonflame,Fire,Flying,FALSE,FALSE,TRUE,499,78,81,71,74,69,126
664,Scatterbug,Bug,,FALSE,FALSE,FALSE,200,38,35,40,27,25,35
665,Spewpa,Bug,,FALSE,TRUE,FALSE,213,45,22,60,27,30,29
666,Vivillon,Bug,Flying,FALSE,FALSE,TRUE,411,80,52,50,90,50,89
667,Litleo,Fire,Normal,FALSE,FALSE,FALSE,369,62,50,58,73,54,72
668,Pyroar,Fire,Normal,FALSE,FALSE,TRUE,507,86,68,72,109,66,106
669,Flabebe,Fairy,,FALSE,FALSE,FALSE,303,44,38,39,61,79,42
670,Floette,Fairy,,FALSE,TRUE,FALSE,371,54,45,47,75,98,52
671,Florges,Fairy,,FALSE,FALSE,TRUE,552,78,65,68,112,154,75
672,Skiddo,Grass,,FALSE,FALSE,FALSE,350,66,65,48,62,57,52
673,Gogoat,Grass,,FALSE,FALSE,TRUE,531,123,100,62,97,81,68
674,Pancham,Fighting,,FALSE,FALSE,FALSE,348,67,82,62,46,48,43
675,Pangoro,Fighting,Dark,FALSE,FALSE,TRUE,495,95,124,78,69,71,58
676,Furfrou,Normal,,TRUE,FALSE,FALSE,472,75,80,60,65,90,102
677,Espurr,Psychic,,FALSE,FALSE,FALSE,355,62,48,54,63,60,68
678,Meowstic,Psychic,,FALSE,FALSE,TRUE,466,74,48,76,83,81,104
679,Honedge,Steel,Ghost,FALSE,FALSE,FALSE,325,45,80,100,35,37,28
680,Doublade,Steel,Ghost,FALSE,TRUE,FALSE,448,59,110,150,45,49,35
681,Aegislash,Steel,Ghost,FALSE,FALSE,TRUE,520,60,50,150,50,150,60
682,Spritzee,Fairy,,FALSE,FALSE,FALSE,341,78,52,60,63,65,23
683,Aromatisse,Fairy,,FALSE,FALSE,TRUE,462,101,72,72,99,89,29
684,Swirlix,Fairy,,FALSE,FALSE,FALSE,341,62,48,66,59,57,49
685,Slurpuff,Fairy,,FALSE,FALSE,TRUE,480,82,80,86,85,75,72
686,Inkay,Dark,Psychic,FALSE,FALSE,FALSE,288,53,54,53,37,46,45
687,Malamar,Dark,Psychic,FALSE,FALSE,TRUE,482,86,92,88,68,75,73
688,Binacle,Rock,Water,FALSE,FALSE,FALSE,306,42,52,67,39,56,50
689,Barbaracle,Rock,Water,FALSE,FALSE,TRUE,500,72,105,115,54,86,68
690,Skrelp,Poison,Water,FALSE,FALSE,FALSE,320,50,60,60,60,60,30
691,Dragalge,Poison,Dragon,FALSE,FALSE,TRUE,494,65,75,90,97,123,44
692,Clauncher,Water,,FALSE,FALSE,FALSE,330,50,53,62,58,63,44
693,Clawitzer,Water,,FALSE,FALSE,TRUE,500,71,73,88,120,89,59
694,Helioptile,Electric,Normal,FALSE,FALSE,FALSE,289,44,38,33,61,43,70
695,Heliolisk,Electric,Normal,FALSE,FALSE,TRUE,481,62,55,52,109,94,109
696,Tyrunt,Rock,Dragon,FALSE,FALSE,FALSE,362,58,89,77,45,45,48
697,Tyrantrum,Rock,Dragon,FALSE,FALSE,TRUE,521,82,121,119,69,59,71
698,Amaura,Rock,Ice,FALSE,FALSE,FALSE,362,77,59,50,67,63,46
699,Aurorus,Rock,Ice,FALSE,FALSE,TRUE,521,123,77,72,99,92,58
700,Sylveon,Fairy,,FALSE,FALSE,TRUE,525,95,65,65,110,130,60
701,Hawlucha,Fighting,Flying,TRUE,FALSE,FALSE,500,78,92,75,74,63,118
702,Dedenne,Electric,Fairy,TRUE,FALSE,FALSE,431,67,58,57,81,67,101
703,Carbink,Rock,Fairy,TRUE,FALSE,FALSE,500,50,50,150,50,150,50
704,Goomy,Dragon,,FALSE,FALSE,FALSE,300,45,50,35,55,75,40
705,Sliggoo,Dragon,,FALSE,TRUE,FALSE,452,68,75,53,83,113,60
706,Goodra,Dragon,,FALSE,FALSE,TRUE,600,90,100,70,110,150,80
707,Klefki,Steel,Fairy,TRUE,FALSE,FALSE,470,57,80,91,80,87,75
708,Phantump,Ghost,Grass,FALSE,FALSE,FALSE,309,43,70,48,50,60,38
709,Trevenant,Ghost,Grass,FALSE,FALSE,TRUE,474,85,110,76,65,82,56
710,PumpkabooAverage Size,Ghost,Grass,FALSE,FALSE,FALSE,335,49,66,70,44,55,51
711,Gourgeist,Ghost,Grass,FALSE,FALSE,TRUE,494,65,90,122,58,75,84
712,Bergmite,Ice,,FALSE,FALSE,FALSE,304,55,69,85,32,35,28
713,Avalugg,Ice,,FALSE,FALSE,TRUE,514,95,117,184,44,46,28
714,Noibat,Flying,Dragon,FALSE,FALSE,FALSE,245,40,30,35,45,40,55
715,Noivern,Flying,Dragon,FALSE,FALSE,TRUE,535,85,70,80,97,80,123
716,Xerneas,Fairy,,TRUE,FALSE,FALSE,680,126,131,95,131,98,99
717,Yveltal,Dark,Flying,TRUE,FALSE,FALSE,680,126,131,95,131,98,99
718,Zygarde,Dragon,Ground,TRUE,FALSE,FALSE,600,108,100,121,81,95,95
719,Diancie,Rock,Fairy,TRUE,FALSE,FALSE,600,50,100,150,100,150,50
720,Hoopa,Psychic,Ghost,TRUE,FALSE,FALSE,600,80,110,60,150,130,70
721,Volcanion,Fire,Water,TRUE,FALSE,FALSE,600,80,110,120,130,90,70
722,Rowlet,Grass,Flying,FALSE,FALSE,FALSE,320,68,55,55,50,50,42
723,Dartrix,Grass,Flying,FALSE,TRUE,FALSE,420,78,75,75,70,70,52
724,Decidueye,Grass,Ghost,FALSE,FALSE,TRUE,530,78,107,75,100,100,70
725,Litten,Fire,,FALSE,FALSE,FALSE,320,45,65,40,60,40,70
726,Torracat,Fire,,FALSE,TRUE,FALSE,420,65,85,50,80,50,90
727,Incineroar,Fire,Dark,FALSE,FALSE,TRUE,530,95,115,90,80,90,60
728,Popplio,Water,,FALSE,FALSE,FALSE,320,50,54,54,66,56,40
729,Brionne,Water,,FALSE,TRUE,FALSE,420,60,69,69,91,81,50
730,Primarina,Water,Fairy,FALSE,FALSE,TRUE,530,80,74,74,126,116,60
731,Pikipek,Normal,Flying,FALSE,FALSE,FALSE,265,35,75,30,30,30,65
732,Trumbeak,Normal,Flying,FALSE,TRUE,FALSE,355,55,85,50,40,50,75
733,Toucannon,Normal,Flying,FALSE,FALSE,TRUE,485,80,120,75,75,75,60
734,Yungoos,Normal,,FALSE,FALSE,FALSE,253,48,70,30,30,30,45
735,Gumshoos,Normal,,FALSE,FALSE,TRUE,418,88,110,60,55,60,45
736,Grubbin,Bug,,FALSE,FALSE,FALSE,300,47,62,45,55,45,46
737,Charjabug,Bug,Electric,FALSE,TRUE,FALSE,400,57,82,95,55,75,36
738,Vikavolt,Bug,Electric,FALSE,FALSE,TRUE,500,77,70,90,145,75,43
739,Crabrawler,Fighting,,FALSE,FALSE,FALSE,338,47,82,57,42,47,63
740,Crabominable,Fighting,Ice,FALSE,FALSE,TRUE,478,97,132,77,62,67,43
741,Oricorio,Fire,Flying,TRUE,FALSE,FALSE,476,75,70,70,98,70,93
742,Cutiefly,Bug,Fairy,FALSE,FALSE,FALSE,304,40,45,40,55,40,84
743,Ribombee,Bug,Fairy,FALSE,FALSE,TRUE,464,60,55,60,95,70,124
744,Rockruff,Rock,,FALSE,FALSE,FALSE,280,45,65,40,30,40,60
745,Lycanroc,Rock,,FALSE,FALSE,TRUE,487,75,115,65,55,65,112
746,Wishiwashi,Water,,TRUE,FALSE,FALSE,620,45,140,130,140,135,30
747,Mareanie,Poison,Water,FALSE,FALSE,FALSE,305,50,53,62,43,52,45
748,Toxapex,Poison,Water,FALSE,FALSE,TRUE,495,50,63,152,53,142,35
749,Mudbray,Ground,,FALSE,FALSE,FALSE,385,70,100,70,45,55,45
750,Mudsdale,Ground,,FALSE,FALSE,TRUE,500,100,125,100,55,85,35
751,Dewpider,Water,Bug,FALSE,FALSE,FALSE,269,38,40,52,40,72,27
752,Araquanid,Water,Bug,FALSE,FALSE,TRUE,454,68,70,92,50,132,42
753,Fomantis,Grass,,FALSE,FALSE,FALSE,250,40,55,35,50,35,35
754,Lurantis,Grass,,FALSE,FALSE,TRUE,480,70,105,90,80,90,45
755,Morelull,Grass,Fairy,FALSE,FALSE,FALSE,285,40,35,55,65,75,15
756,Shiinotic,Grass,Fairy,FALSE,FALSE,TRUE,405,60,45,80,90,100,30
757,Salandit,Poison,Fire,FALSE,FALSE,FALSE,320,48,44,40,71,40,77
758,Salazzle,Poison,Fire,FALSE,FALSE,TRUE,480,68,64,60,111,60,117
759,Stufful,Normal,Fighting,FALSE,FALSE,FALSE,340,70,75,50,45,50,50
760,Bewear,Normal,Fighting,FALSE,FALSE,TRUE,500,120,125,80,55,60,60
761,Bounsweet,Grass,,FALSE,FALSE,FALSE,210,42,30,38,30,38,32
762,Steenee,Grass,,FALSE,TRUE,FALSE,290,52,40,48,40,48,62
763,Tsareena,Grass,,FALSE,FALSE,TRUE,510,72,120,98,50,98,72
764,Comfey,Fairy,,TRUE,FALSE,FALSE,485,51,52,90,82,110,100
765,Oranguru,Normal,Psychic,TRUE,FALSE,FALSE,490,90,60,80,90,110,60
766,Passimian,Fighting,,TRUE,FALSE,FALSE,490,100,120,90,40,60,80
767,Wimpod,Bug,Water,FALSE,FALSE,FALSE,230,25,35,40,20,30,80
768,Golisopod,Bug,Water,FALSE,FALSE,TRUE,530,75,125,140,60,90,40
769,Sandygast,Ghost,Ground,FALSE,FALSE,FALSE,320,55,55,80,70,45,15
770,Palossand,Ghost,Ground,FALSE,FALSE,TRUE,480,85,75,110,100,75,35
771,Pyukumuku,Water,,TRUE,FALSE,FALSE,410,55,60,130,30,130,5
772,Type: Null,Normal,,FALSE,FALSE,FALSE,534,95,95,95,95,95,59
773,Silvally,Normal,,FALSE,FALSE,TRUE,570,95,95,95,95,95,95
774,Minior,Rock,Flying,TRUE,FALSE,FALSE,440,60,60,100,60,100,60
775,Komala,Normal,,TRUE,FALSE,FALSE,480,656,115,65,75,95,65
776,Turtonator,Fire,Dragon,TRUE,FALSE,FALSE,485,60,78,135,91,85,36
777,Togedemaru,Electric,Steel,TRUE,FALSE,FALSE,435,65,98,63,40,73,96
778,Mimikyu,Ghost,Fairy,TRUE,FALSE,FALSE,476,55,90,80,50,105,96
779,Bruxish,Water,Psychic,TRUE,FALSE,FALSE,475,68,105,70,70,70,92
780,Drampa,Normal,Dragon,TRUE,FALSE,FALSE,485,78,60,85,135,91,36
781,Dhelmise,Ghost,Grass,TRUE,FALSE,FALSE,517,70,131,100,86,90,40
782,Jangmo-o,Dragon,,FALSE,FALSE,FALSE,300,45,55,65,45,45,45
783,Hakamo-o,Dragon,Fighting,FALSE,TRUE,FALSE,420,55,75,90,65,70,65
784,Kommo-o,Dragon,Fighting,FALSE,FALSE,TRUE,600,75,110,125,100,105,85
785,Tapu Koko,Electric,Fairy,TRUE,FALSE,FALSE,570,70,115,85,95,75,130
786,Tapu Lele,Psychic,Fairy,TRUE,FALSE,FALSE,570,70,85,75,130,115,95
787,Tapu Bulu,Grass,Fairy,TRUE,FALSE,FALSE,570,70,130,115,85,95,75
788,Tapu Fini,Water,Fairy,TRUE,FALSE,FALSE,570,70,75,115,95,130,85
789,Cosmog,Psychic,,FALSE,FALSE,FALSE,200,43,29,31,29,31,37
790,Cosmoem,Psychic,,FALSE,TRUE,FALSE,400,43,29,131,29,131,37
791,Solgaleo,Psychic,Steel,FALSE,FALSE,TRUE,680,137,137,107,113,89,97
792,Lunala,Psychic,Ghost,FALSE,FALSE,TRUE,680,137,113,89,137,107,97
793,Nihilego,Rock,Poison,TRUE,FALSE,FALSE,570,109,53,47,127,131,103
794,Buzzwole,Bug,Fighting,TRUE,FALSE,FALSE,570,107,139,139,53,53,79
795,Pheromosa,Bug,Fighting,TRUE,FALSE,FALSE,570,71,137,37,137,37,151
796,Xurkitree,Electric,,TRUE,FALSE,FALSE,570,83,89,71,173,71,83
797,Celesteela,Steel,Flying,TRUE,FALSE,FALSE,570,97,101,103,107,101,61
798,Kartana,Grass,Steel,TRUE,FALSE,FALSE,570,59,181,131,59,31,109
799,Guzzlord,Dark,Dragon,TRUE,FALSE,FALSE,570,223,101,53,97,53,43
800,Necrozma,Psychic,,TRUE,FALSE,FALSE,600,97,107,101,127,89,79
801,Magearna,Steel,Fairy,TRUE,FALSE,FALSE,600,80,95,115,130,115,65
802,Marshadow,Fighting,Ghost,TRUE,FALSE,FALSE,600,90,125,80,90,90,125
803,Poipole,Poison,,FALSE,FALSE,FALSE,420,67,73,67,73,67,73
804,Naganadel,Poison,Dragon,FALSE,FALSE,TRUE,540,73,73,73,127,73,121
805,Stakataka,Rock,Steel,FALSE,FALSE,FALSE,570,61,131,211,53,101,13
806,Blacephalon,Fire,Ghost,TRUE,FALSE,FALSE,570,53,127,53,151,79,107
807,Zeraora,Electric,,TRUE,FALSE,FALSE,600,88,112,75,102,80,143
808,Meltan,Steel,,FALSE,FALSE,FALSE,300,46,65,65,55,35,34
809,Melmetal,Steel,,FALSE,FALSE,TRUE,600,135,143,143,80,65,34
810,Grookey,Grass,,FALSE,FALSE,FALSE,310,50,65,50,40,40,65
811,Thwackey,Grass,,FALSE,TRUE,FALSE,420,70,85,70,55,60,80
812,Rillaboom,Grass,,FALSE,FALSE,TRUE,530,100,125,90,60,70,85
813,Scorbunny,Fire,,FALSE,FALSE,FALSE,310,50,71,40,40,40,69
814,Raboot,Fire,,FALSE,TRUE,FALSE,420,65,86,60,55,60,94
815,Cinderace,Fire,,FALSE,FALSE,TRUE,530,80,116,75,65,75,119
816,Sobble,Water,,FALSE,FALSE,FALSE,310,50,40,40,70,40,70
817,Drizzile,Water,,FALSE,TRUE,FALSE,420,65,60,55,95,55,90
818,Inteleon,Water,,FALSE,FALSE,TRUE,530,70,85,65,125,65,120
819,Skwovet,Normal,,FALSE,FALSE,FALSE,275,70,55,55,35,35,25
820,Greedent,Normal,,FALSE,FALSE,TRUE,460,120,95,95,55,75,20
821,Rookidee,Flying,,FALSE,FALSE,FALSE,245,38,47,35,33,35,57
822,Corvisquire,Flying,,FALSE,TRUE,FALSE,365,68,67,55,43,55,77
823,Corviknight,Flying,Steel,FALSE,FALSE,TRUE,495,98,87,105,53,85,67
824,Blipbug,Bug,,FALSE,FALSE,FALSE,180,25,20,20,25,45,45
825,Dottler,Bug,Psychic,FALSE,TRUE,FALSE,335,50,35,80,50,90,30
826,Orbeetle,Bug,Psychic,FALSE,FALSE,TRUE,505,60,45,110,80,120,90
827,Nickit,Dark,,FALSE,FALSE,FALSE,245,40,28,28,47,52,50
828,Thievul,Dark,,FALSE,FALSE,TRUE,455,70,58,58,87,92,90
829,Gossifleur,Grass,,FALSE,FALSE,FALSE,250,40,40,60,40,60,10
830,Eldegoss,Grass,,FALSE,FALSE,TRUE,460,60,50,90,80,120,60
831,Wooloo,Normal,,FALSE,FALSE,FALSE,270,42,40,55,40,45,48
832,Dubwool,Normal,,FALSE,FALSE,TRUE,490,72,80,100,60,90,88
833,Chewtle,Water,,FALSE,FALSE,FALSE,284,50,64,50,38,38,44
834,Drednaw,Water,Rock,FALSE,FALSE,TRUE,485,90,115,90,48,68,74
835,Yamper,Electric,,FALSE,FALSE,FALSE,270,59,45,50,40,50,26
836,Boltund,Electric,,FALSE,FALSE,TRUE,490,69,90,60,90,60,121
837,Rolycoly,Rock,,FALSE,FALSE,FALSE,240,30,40,50,40,50,30
838,Carkol,Rock,Fire,FALSE,TRUE,FALSE,410,80,60,90,60,70,50
839,Coalossal,Rock,Fire,FALSE,FALSE,TRUE,510,110,80,120,80,90,30
840,Applin,Grass,Dragon,FALSE,FALSE,FALSE,260,40,40,80,40,40,20
841,Flapple,Grass,Dragon,FALSE,FALSE,TRUE,485,70,110,80,95,60,70
842,Appletun,Grass,Dragon,FALSE,FALSE,TRUE,485,110,85,80,100,80,30
843,Silicobra,Ground,,FALSE,FALSE,FALSE,315,52,57,75,35,50,46
844,Sandaconda,Ground,,FALSE,FALSE,TRUE,510,72,107,125,65,70,71
845,Cramorant,Flying,Water,TRUE,FALSE,FALSE,475,70,85,55,85,95,85
846,Arrokuda,Water,,FALSE,FALSE,FALSE,280,41,63,40,40,30,66
847,Barraskewda,Water,,FALSE,FALSE,TRUE,490,61,123,60,60,50,136
848,Toxel,Electric,Poison,FALSE,FALSE,FALSE,242,40,38,35,54,35,40
849,Toxtricity,Electric,Poison,FALSE,FALSE,TRUE,502,75,98,70,114,70,75
850,Sizzlipede,Fire,Bug,FALSE,FALSE,FALSE,305,50,65,45,50,50,45
851,Centiskorch,Fire,Bug,FALSE,FALSE,TRUE,525,100,115,65,90,90,65
852,Clobbopus,Fighting,,FALSE,FALSE,FALSE,310,50,68,60,50,50,32
853,Grapploct,Fighting,,FALSE,FALSE,TRUE,480,80,118,90,70,80,42
854,Sinistea,Ghost,,FALSE,FALSE,FALSE,308,40,45,45,74,54,50
855,Polteageist,Ghost,,FALSE,FALSE,TRUE,508,60,65,65,134,114,70
856,Hatenna,Psychic,,FALSE,FALSE,FALSE,265,42,30,45,56,53,39
857,Hatrem,Psychic,,FALSE,TRUE,FALSE,370,57,40,65,86,73,49
858,Hatterene,Psychic,Fairy,FALSE,FALSE,TRUE,510,57,90,95,136,103,29
859,Impidimp,Dark,Fairy,FALSE,FALSE,FALSE,265,45,45,30,55,40,50
860,Morgrem,Dark,Fairy,FALSE,TRUE,FALSE,370,65,60,45,75,55,70
861,Grimmsnarl,Dark,Fairy,FALSE,FALSE,TRUE,510,95,120,65,95,75,60
862,Obstagoon,Dark,Normal,FALSE,FALSE,TRUE,520,93,90,101,60,81,95
863,Perrserker,Steel,,FALSE,FALSE,TRUE,440,70,110,100,50,60,50
864,Cursola,Ghost,,FALSE,FALSE,TRUE,510,60,95,50,145,130,30
865,Sirfetch'd,Fighting,,FALSE,FALSE,TRUE,507,62,135,95,68,82,65
866,Mr. Rime,Ice,Psychic,FALSE,FALSE,TRUE,520,80,85,75,110,100,70
867,Runerigus,Ground,Ghost,FALSE,FALSE,TRUE,483,58,95,145,50,105,30
868,Milcery,Fairy,,FALSE,FALSE,FALSE,270,45,40,40,50,61,34
869,Alcremie,Fairy,,FALSE,FALSE,TRUE,495,65,60,75,110,121,64
870,Falinks,Fighting,,TRUE,FALSE,FALSE,470,65,100,100,70,60,75
871,Pincurchin,Electric,,TRUE,FALSE,FALSE,435,48,101,95,91,85,15
872,Snom,Ice,Bug,FALSE,FALSE,FALSE,185,30,25,35,45,30,20
873,Frosmoth,Ice,Bug,FALSE,FALSE,TRUE,475,70,65,60,125,90,65
874,Stonjourner,Rock,,TRUE,FALSE,FALSE,470,100,125,135,20,20,70
875,Eiscue,Ice,,TRUE,FALSE,FALSE,470,75,80,110,65,90,50
876,Indeedee,Psychic,Normal,TRUE,FALSE,FALSE,475,60,65,55,105,95,95
877,Morpeko,Electric,Normal,TRUE,FALSE,FALSE,436,58,95,58,70,58,97
878,Cufant,Steel,,FALSE,FALSE,FALSE,330,72,80,49,40,49,40
879,Copperajah,Steel,,FALSE,FALSE,TRUE,500,122,130,69,80,69,30
880,Dracozolt,Electric,Dragon,TRUE,FALSE,FALSE,505,90,100,90,80,70,75
881,Arctozolt,Electric,Ice,TRUE,FALSE,FALSE,505,90,100,90,90,80,55
882,Dracovish,Water,Dragon,TRUE,FALSE,FALSE,505,90,90,100,70,80,75
883,Arctovish,Ice,Water,TRUE,FALSE,FALSE,505,90,90,100,80,90,55
884,Duraludon,Steel,Dragon,TRUE,FALSE,FALSE,535,70,95,115,120,50,85
885,Dreepy,Dragon,Ghost,FALSE,FALSE,FALSE,270,28,60,30,40,30,82
886,Drakloak,Dragon,Ghost,FALSE,TRUE,FALSE,410,68,80,50,60,50,102
887,Dragapult,Dragon,Ghost,FALSE,FALSE,TRUE,600,88,120,75,100,75,142
888,Zacian,Fairy,,TRUE,FALSE,FALSE,670,92,130,115,80,115,138
889,Zamazenta,Fighting,,TRUE,FALSE,FALSE,670,92,130,115,80,115,138
890,Eternatus,Poison,Dragon,TRUE,FALSE,FALSE,690,140,85,95,145,95,130
891,Kubfu,Fighting,,FALSE,FALSE,FALSE,385,60,90,60,53,50,72
892,Urshifu,Fighting,Dark,FALSE,FALSE,TRUE,550,100,130,100,63,60,97
893,Zarude,Dark,Grass,TRUE,FALSE,FALSE,600,105,120,105,70,95,105
894,Regieleki,Electric,,TRUE,FALSE,FALSE,580,80,100,50,100,50,200
895,Regidrago,Dragon,,TRUE,FALSE,FALSE,580,200,100,50,100,50,80
896,Glastrier,Ice,,TRUE,FALSE,FALSE,580,100,145,130,65,110,30
897,Spectrier,Ghost,,TRUE,FALSE,FALSE,580,100,65,60,145,80,130
898,Calyrex,Psychic,Grass,TRUE,FALSE,FALSE,500,100,80,80,80,80,80
